Player,Team,GP,Poss,Poss,Freq,PPP,PTS,PTS,FGM,FGM,FGA,FGA,FG%,eFG%,FTFreq,TOFreq,SFFreq,And OneFreq,ScoreFreq,Percentile
Nik Stauskas,BKN,7,1,0.1,1.9%,0.00,0,0.0,0,0.0,1,0.1,0.0,0.0,0.0%,0.0%,0.0%,0.0%,0.0%,
Jamel Artis,ORL,5,1,0.2,5.3%,2.00,2,0.4,1,0.2,1,0.2,100.0,100.0,100.0%,0.0%,100.0%,100.0%,100.0%,
Torrey Craig,DEN,8,3,0.4,7.9%,2.00,6,0.8,2,0.3,2,0.3,100.0,100.0,33.3%,0.0%,33.3%,0.0%,100.0%,
Kobi Simmons,MEM,7,2,0.3,7.7%,2.00,4,0.6,1,0.1,1,0.1,100.0,100.0,50.0%,0.0%,0.0%,0.0%,100.0%,
Rajon Rondo,NOP,20,1,0.1,0.6%,0.00,0,0.0,0,0.0,1,0.1,0.0,0.0,0.0%,0.0%,0.0%,0.0%,0.0%,
Davis Bertans,SAS,31,2,0.1,1.7%,1.00,2,0.1,1,0.0,2,0.1,50.0,50.0,0.0%,0.0%,0.0%,0.0%,50.0%,
Milos Teodosic,LAC,9,1,0.1,1.0%,0.00,0,0.0,0,0.0,1,0.1,0.0,0.0,0.0%,0.0%,0.0%,0.0%,0.0%,
Zach Collins,POR,17,9,0.5,10.3%,0.78,7,0.4,3,0.2,6,0.4,50.0,50.0,11.1%,22.2%,11.1%,0.0%,44.4%,
Jawun Evans,LAC,26,1,0.0,0.5%,2.00,2,0.1,1,0.0,1,0.0,100.0,100.0,0.0%,0.0%,0.0%,0.0%,100.0%,
Rashad Vaughn,MIL,16,1,0.1,1.9%,1.00,1,0.1,0,0.0,0,0.0,0.0,0.0,100.0%,0.0%,100.0%,0.0%,100.0%,
Norman Powell,TOR,29,1,0.0,0.4%,0.00,0,0.0,0,0.0,1,0.0,0.0,0.0,0.0%,0.0%,0.0%,0.0%,0.0%,
Ron Baker,NYK,15,1,0.1,1.6%,2.00,2,0.1,1,0.1,1,0.1,100.0,100.0,0.0%,0.0%,0.0%,0.0%,100.0%,
C.J. Williams,LAC,21,3,0.1,2.9%,1.33,4,0.2,2,0.1,3,0.1,66.7,66.7,0.0%,0.0%,0.0%,0.0%,66.7%,
Wesley Iwundu,ORL,17,4,0.2,5.7%,0.50,2,0.1,1,0.1,4,0.2,25.0,25.0,0.0%,0.0%,0.0%,0.0%,25.0%,
Kawhi Leonard,SAS,5,1,0.2,1.6%,2.00,2,0.4,1,0.2,1,0.2,100.0,100.0,0.0%,0.0%,0.0%,0.0%,100.0%,
Jason Smith,WAS,15,4,0.3,5.6%,0.50,2,0.1,1,0.1,4,0.3,25.0,25.0,0.0%,0.0%,0.0%,0.0%,25.0%,
Josh Huestis,OKC,29,6,0.2,6.2%,1.33,8,0.3,4,0.1,6,0.2,66.7,66.7,0.0%,0.0%,0.0%,0.0%,66.7%,
Nikola Mirotic,CHI,11,6,0.5,3.8%,1.83,11,1.0,5,0.5,5,0.5,100.0,100.0,16.7%,0.0%,16.7%,0.0%,100.0%,
Arron Afflalo,ORL,26,1,0.0,1.1%,0.00,0,0.0,0,0.0,1,0.0,0.0,0.0,0.0%,0.0%,0.0%,0.0%,0.0%,
Luke Kennard,DET,28,3,0.1,1.6%,0.67,2,0.1,1,0.0,2,0.1,50.0,50.0,0.0%,33.3%,0.0%,0.0%,33.3%,
Reggie Jackson,DET,33,3,0.1,0.6%,1.33,4,0.1,1,0.0,2,0.1,50.0,50.0,33.3%,0.0%,33.3%,0.0%,66.7%,
JR Smith,CLE,34,1,0.0,0.3%,0.00,0,0.0,0,0.0,1,0.0,0.0,0.0,0.0%,0.0%,0.0%,0.0%,0.0%,
Alec Burks,UTA,35,5,0.1,1.4%,1.40,7,0.2,3,0.1,4,0.1,75.0,75.0,20.0%,0.0%,20.0%,0.0%,80.0%,
Patrick Patterson,OKC,35,3,0.1,2.4%,0.67,2,0.1,0,0.0,1,0.0,0.0,0.0,33.3%,33.3%,33.3%,0.0%,33.3%,
Langston Galloway,DET,30,2,0.1,1.1%,1.00,2,0.1,1,0.0,2,0.1,50.0,50.0,0.0%,0.0%,0.0%,0.0%,50.0%,
Omer Asik,NOP,7,1,0.1,7.1%,0.00,0,0.0,0,0.0,1,0.1,0.0,0.0,0.0%,0.0%,0.0%,0.0%,0.0%,
Jordan Bell,GSW,29,22,0.8,15.7%,1.18,26,0.9,13,0.4,20,0.7,65.0,65.0,0.0%,9.1%,0.0%,0.0%,59.1%,63.7
Frank Ntilikina,NYK,31,1,0.0,0.4%,0.00,0,0.0,0,0.0,1,0.0,0.0,0.0,0.0%,0.0%,0.0%,0.0%,0.0%,
Montrezl Harrell,LAC,27,25,0.9,15.0%,1.00,25,0.9,11,0.4,21,0.8,52.4,52.4,12.0%,4.0%,12.0%,0.0%,52.0%,31.7
Tyler Cavanaugh,ATL,22,11,0.5,10.8%,1.00,11,0.5,5,0.2,10,0.5,50.0,50.0,9.1%,0.0%,9.1%,0.0%,54.5%,31.7
JaKarr Sampson,SAC,6,5,0.8,20.0%,1.60,8,1.3,4,0.7,5,0.8,80.0,80.0,0.0%,0.0%,0.0%,0.0%,80.0%,
Isaiah Whitehead,BKN,10,2,0.2,2.2%,2.00,4,0.4,2,0.2,2,0.2,100.0,100.0,0.0%,0.0%,0.0%,0.0%,100.0%,
Miles Plumlee,ATL,15,10,0.7,12.7%,1.20,12,0.8,6,0.4,9,0.6,66.7,66.7,0.0%,10.0%,0.0%,0.0%,60.0%,67.4
Tony Parker,SAS,12,1,0.1,0.8%,2.00,2,0.2,1,0.1,1,0.1,100.0,100.0,0.0%,0.0%,0.0%,0.0%,100.0%,
Trey Lyles,DEN,30,16,0.5,6.8%,1.38,22,0.7,10,0.3,15,0.5,66.7,66.7,6.3%,0.0%,12.5%,0.0%,68.8%,87.3
Sam Dekker,LAC,29,9,0.3,6.0%,1.33,12,0.4,5,0.2,8,0.3,62.5,62.5,11.1%,0.0%,11.1%,0.0%,66.7%,
Tim Frazier,WAS,32,1,0.0,0.6%,2.00,2,0.1,1,0.0,1,0.0,100.0,100.0,0.0%,0.0%,0.0%,0.0%,100.0%,
Jerryd Bayless,PHI,28,2,0.1,0.8%,1.00,2,0.1,1,0.0,1,0.0,100.0,100.0,0.0%,50.0%,0.0%,0.0%,50.0%,
Tyus Jones,MIN,35,1,0.0,0.7%,0.00,0,0.0,0,0.0,1,0.0,0.0,0.0,0.0%,0.0%,0.0%,0.0%,0.0%,
DJ Augustin,ORL,28,4,0.1,1.6%,0.00,0,0.0,0,0.0,2,0.1,0.0,0.0,0.0%,50.0%,0.0%,0.0%,0.0%,
Jamal Crawford,MIN,35,1,0.0,0.3%,2.00,2,0.1,1,0.0,1,0.0,100.0,100.0,0.0%,0.0%,0.0%,0.0%,100.0%,
Vince Carter,SAC,21,3,0.1,3.3%,0.67,2,0.1,1,0.0,3,0.1,33.3,33.3,0.0%,0.0%,0.0%,0.0%,33.3%,
Chris Paul,HOU,16,3,0.2,1.2%,1.33,4,0.3,2,0.1,3,0.2,66.7,66.7,0.0%,0.0%,0.0%,0.0%,66.7%,
Deyonta Davis,MEM,22,14,0.6,17.7%,1.21,17,0.8,8,0.4,13,0.6,61.5,61.5,7.1%,0.0%,7.1%,0.0%,64.3%,70.3
Guillermo Hernangomez,NYK,15,12,0.8,14.0%,1.00,12,0.8,6,0.4,11,0.7,54.5,54.5,0.0%,8.3%,0.0%,0.0%,50.0%,31.7
Patty Mills,SAS,35,2,0.1,0.6%,1.50,3,0.1,1,0.0,1,0.0,100.0,150.0,0.0%,50.0%,0.0%,0.0%,50.0%,
Antonio Blakeney,CHI,11,2,0.2,2.2%,1.00,2,0.2,1,0.1,2,0.2,50.0,50.0,0.0%,0.0%,0.0%,0.0%,50.0%,
Semi Ojeleye,BOS,35,3,0.1,2.8%,0.33,1,0.0,0,0.0,2,0.1,0.0,0.0,33.3%,0.0%,33.3%,0.0%,33.3%,
Tyler Johnson,MIA,32,4,0.1,1.1%,0.00,0,0.0,0,0.0,4,0.1,0.0,0.0,0.0%,0.0%,0.0%,0.0%,0.0%,
Joel Bolomboy,MIL,2,1,0.5,14.3%,0.00,0,0.0,0,0.0,0,0.0,0.0,0.0,100.0%,0.0%,100.0%,0.0%,0.0%,
Marcus Morris,BOS,17,2,0.1,1.0%,1.50,3,0.2,1,0.1,2,0.1,50.0,50.0,50.0%,0.0%,50.0%,50.0%,50.0%,
Juan Hernangomez,DEN,17,9,0.5,15.0%,0.78,7,0.4,3,0.2,7,0.4,42.9,42.9,11.1%,11.1%,11.1%,0.0%,44.4%,
Channing Frye,CLE,31,6,0.2,5.0%,1.33,8,0.3,4,0.1,6,0.2,66.7,66.7,0.0%,0.0%,0.0%,0.0%,66.7%,
Meyers Leonard,POR,12,1,0.1,2.0%,2.00,2,0.2,1,0.1,1,0.1,100.0,100.0,0.0%,0.0%,0.0%,0.0%,100.0%,
Eric Moreland,DET,29,14,0.5,26.9%,1.00,14,0.5,6,0.2,10,0.3,60.0,60.0,21.4%,7.1%,21.4%,0.0%,57.1%,31.7
Dion Waiters,MIA,30,1,0.0,0.2%,0.00,0,0.0,0,0.0,1,0.0,0.0,0.0,0.0%,0.0%,0.0%,0.0%,0.0%,
Allen Crabbe,BKN,30,3,0.1,0.8%,0.67,2,0.1,1,0.0,3,0.1,33.3,33.3,33.3%,0.0%,33.3%,33.3%,33.3%,
JaMychal Green,MEM,20,28,1.4,13.3%,0.96,27,1.4,12,0.6,24,1.2,50.0,50.0,10.7%,7.1%,10.7%,3.6%,50.0%,27.5
Jeff Teague,MIN,31,2,0.1,0.4%,0.00,0,0.0,0,0.0,2,0.1,0.0,0.0,0.0%,0.0%,0.0%,0.0%,0.0%,
Troy Daniels,PHX,36,1,0.0,0.4%,2.00,2,0.1,1,0.0,1,0.0,100.0,100.0,0.0%,0.0%,0.0%,0.0%,100.0%,
Ben McLemore,MEM,21,4,0.2,2.6%,1.00,4,0.2,2,0.1,4,0.2,50.0,50.0,0.0%,0.0%,0.0%,0.0%,50.0%,
Nicolas Batum,CHA,20,7,0.4,2.9%,1.57,11,0.6,5,0.3,6,0.3,83.3,83.3,14.3%,0.0%,0.0%,0.0%,85.7%,
Dakari Johnson,OKC,6,1,0.2,4.8%,2.00,2,0.3,1,0.2,1,0.2,100.0,100.0,0.0%,0.0%,0.0%,0.0%,100.0%,
Manu Ginobili,SAS,29,4,0.1,1.4%,1.25,5,0.2,2,0.1,4,0.1,50.0,50.0,25.0%,0.0%,25.0%,25.0%,50.0%,
Raymond Felton,OKC,35,2,0.1,0.8%,0.00,0,0.0,0,0.0,2,0.1,0.0,0.0,0.0%,0.0%,0.0%,0.0%,0.0%,
Fred VanVleet,TOR,33,2,0.1,0.9%,1.00,2,0.1,1,0.0,2,0.1,50.0,50.0,0.0%,0.0%,0.0%,0.0%,50.0%,
Omri Casspi,GSW,31,14,0.5,7.8%,1.29,18,0.6,6,0.2,11,0.4,54.5,54.5,21.4%,0.0%,21.4%,0.0%,64.3%,78.6
Jonas Jerebko,UTA,30,17,0.6,9.6%,1.12,19,0.6,8,0.3,14,0.5,57.1,57.1,11.8%,5.9%,11.8%,0.0%,58.8%,50.8
George Hill,SAC,30,5,0.2,1.7%,0.80,4,0.1,2,0.1,4,0.1,50.0,50.0,0.0%,20.0%,0.0%,0.0%,40.0%,
Reggie Bullock,DET,19,3,0.2,3.0%,1.33,4,0.2,2,0.1,3,0.2,66.7,66.7,0.0%,0.0%,0.0%,0.0%,66.7%,
Matthew Dellavedova,MIL,17,1,0.1,0.9%,2.00,2,0.1,1,0.1,1,0.1,100.0,100.0,0.0%,0.0%,0.0%,0.0%,100.0%,
Ian Clark,NOP,28,1,0.0,0.6%,0.00,0,0.0,0,0.0,1,0.0,0.0,0.0,0.0%,0.0%,0.0%,0.0%,0.0%,
JJ Redick,PHI,29,5,0.2,1.1%,1.00,5,0.2,2,0.1,4,0.1,50.0,62.5,0.0%,20.0%,0.0%,0.0%,40.0%,
Pat Connaughton,POR,33,2,0.1,1.1%,0.00,0,0.0,0,0.0,2,0.1,0.0,0.0,0.0%,0.0%,0.0%,0.0%,0.0%,
Rodney Hood,UTA,27,4,0.1,0.8%,0.25,1,0.0,0,0.0,3,0.1,0.0,0.0,25.0%,0.0%,25.0%,0.0%,25.0%,
CJ Miles,TOR,26,4,0.2,1.7%,1.00,4,0.2,2,0.1,2,0.1,100.0,100.0,0.0%,50.0%,0.0%,0.0%,50.0%,
Elfrid Payton,ORL,26,12,0.5,3.4%,0.83,10,0.4,4,0.2,8,0.3,50.0,56.3,8.3%,25.0%,8.3%,0.0%,41.7%,15.9
Jared Dudley,PHX,14,2,0.1,4.1%,1.00,2,0.1,1,0.1,2,0.1,50.0,50.0,0.0%,0.0%,0.0%,0.0%,50.0%,
Bobby Portis,CHI,25,36,1.4,11.9%,1.03,37,1.5,18,0.7,32,1.3,56.3,56.3,5.6%,11.1%,5.6%,5.6%,50.0%,37.9
Michael Carter-Williams,CHA,23,8,0.3,5.1%,0.50,4,0.2,1,0.0,6,0.3,16.7,16.7,12.5%,12.5%,12.5%,0.0%,25.0%,
Courtney Lee,NYK,34,6,0.2,1.4%,1.33,8,0.2,3,0.1,4,0.1,75.0,75.0,16.7%,16.7%,16.7%,0.0%,66.7%,
Jerian Grant,CHI,34,1,0.0,0.3%,2.00,2,0.1,0,0.0,0,0.0,0.0,0.0,100.0%,0.0%,100.0%,0.0%,100.0%,
Kyle Korver,CLE,35,1,0.0,0.3%,0.00,0,0.0,0,0.0,1,0.0,0.0,0.0,0.0%,0.0%,0.0%,0.0%,0.0%,
Mirza Teletovic,MIL,10,1,0.1,1.6%,0.00,0,0.0,0,0.0,1,0.1,0.0,0.0,0.0%,0.0%,0.0%,0.0%,0.0%,
Bogdan Bogdanovic,SAC,31,4,0.1,1.2%,0.75,3,0.1,1,0.0,3,0.1,33.3,50.0,0.0%,25.0%,0.0%,0.0%,25.0%,
Joe  Ingles,UTA,36,3,0.1,0.8%,1.00,3,0.1,1,0.0,2,0.1,50.0,75.0,0.0%,33.3%,0.0%,0.0%,33.3%,
Malik Beasley,DEN,30,6,0.2,5.0%,1.33,8,0.3,2,0.1,3,0.1,66.7,66.7,33.3%,16.7%,33.3%,0.0%,66.7%,
Patrick McCaw,GSW,30,3,0.1,2.2%,2.00,6,0.2,3,0.1,3,0.1,100.0,100.0,0.0%,0.0%,0.0%,0.0%,100.0%,
Caris LeVert,BKN,34,13,0.4,2.9%,1.46,19,0.6,6,0.2,10,0.3,60.0,65.0,30.8%,0.0%,23.1%,7.7%,69.2%,94.0
Kentavious Caldwell-Pope,LAL,29,11,0.4,2.6%,1.73,19,0.7,8,0.3,9,0.3,88.9,94.4,9.1%,9.1%,0.0%,0.0%,81.8%,100.0
Tomas Satoransky,WAS,26,5,0.2,3.7%,0.60,3,0.1,1,0.0,5,0.2,20.0,20.0,20.0%,0.0%,20.0%,20.0%,20.0%,
Kevon Looney,GSW,26,12,0.5,15.6%,0.67,8,0.3,4,0.2,11,0.4,36.4,36.4,0.0%,8.3%,0.0%,0.0%,33.3%,6.2
Malachi Richardson,SAC,17,3,0.2,3.9%,0.00,0,0.0,0,0.0,2,0.1,0.0,0.0,0.0%,33.3%,0.0%,0.0%,0.0%,
Richaun Holmes,PHI,18,17,0.9,13.8%,1.47,25,1.4,12,0.7,16,0.9,75.0,75.0,5.9%,5.9%,5.9%,5.9%,70.6%,95.1
Carmelo Anthony,OKC,34,17,0.5,2.7%,1.18,20,0.6,9,0.3,14,0.4,64.3,64.3,5.9%,11.8%,0.0%,0.0%,58.8%,63.2
Tyler Ulis,PHX,35,2,0.1,0.6%,0.00,0,0.0,0,0.0,2,0.1,0.0,0.0,0.0%,0.0%,0.0%,0.0%,0.0%,
Markieff Morris,WAS,27,18,0.7,6.0%,1.11,20,0.7,9,0.3,15,0.6,60.0,60.0,5.6%,11.1%,5.6%,0.0%,55.6%,49.5
Frank Kaminsky,CHA,31,8,0.3,2.4%,1.75,14,0.5,6,0.2,6,0.2,100.0,100.0,25.0%,0.0%,25.0%,0.0%,87.5%,
Okaro White,MIA,5,2,0.4,10.5%,2.50,5,1.0,2,0.4,2,0.4,100.0,100.0,50.0%,0.0%,50.0%,50.0%,100.0%,
Sindarius Thornwell,LAC,32,5,0.2,3.5%,0.80,4,0.1,2,0.1,5,0.2,40.0,40.0,0.0%,0.0%,0.0%,0.0%,40.0%,
Devin Harris,DAL,30,4,0.1,1.5%,0.75,3,0.1,0,0.0,1,0.0,0.0,0.0,50.0%,25.0%,25.0%,0.0%,50.0%,
Noah Vonleh,POR,23,16,0.7,16.2%,1.44,23,1.0,11,0.5,15,0.7,73.3,73.3,6.3%,0.0%,6.3%,0.0%,75.0%,90.1
Marco Belinelli,ATL,34,7,0.2,1.8%,0.57,4,0.1,2,0.1,6,0.2,33.3,33.3,14.3%,14.3%,14.3%,14.3%,28.6%,
Mike James,PHX,32,4,0.1,1.0%,0.50,2,0.1,1,0.0,4,0.1,25.0,25.0,0.0%,0.0%,0.0%,0.0%,25.0%,
Tyler Zeller,BKN,26,31,1.2,15.3%,1.00,31,1.2,15,0.6,27,1.0,55.6,55.6,3.2%,12.9%,3.2%,3.2%,48.4%,31.7
Lance Stephenson,IND,35,20,0.6,5.7%,1.15,23,0.7,11,0.3,17,0.5,64.7,64.7,5.0%,10.0%,5.0%,0.0%,60.0%,56.6
Michael Kidd-Gilchrist,CHA,28,17,0.6,5.9%,1.59,27,1.0,11,0.4,14,0.5,78.6,78.6,17.6%,0.0%,17.6%,0.0%,82.4%,97.8
Shaun Livingston,GSW,29,6,0.2,3.8%,1.17,7,0.2,3,0.1,6,0.2,50.0,50.0,16.7%,0.0%,16.7%,16.7%,50.0%,
Stephen Curry,GSW,23,5,0.2,0.9%,1.20,6,0.3,2,0.1,4,0.2,50.0,62.5,20.0%,0.0%,0.0%,0.0%,60.0%,
Danny Green,SAS,29,7,0.2,2.4%,0.29,2,0.1,1,0.0,3,0.1,33.3,33.3,0.0%,57.1%,0.0%,0.0%,14.3%,
Kyle Lowry,TOR,33,14,0.4,2.7%,0.50,7,0.2,3,0.1,10,0.3,30.0,35.0,0.0%,28.6%,0.0%,0.0%,21.4%,1.1
Austin Rivers,LAC,31,3,0.1,0.6%,1.33,4,0.1,2,0.1,3,0.1,66.7,66.7,0.0%,0.0%,0.0%,0.0%,66.7%,
Delon Wright,TOR,21,5,0.2,3.0%,0.40,2,0.1,1,0.0,5,0.2,20.0,20.0,0.0%,0.0%,0.0%,0.0%,20.0%,
Joe Harris,BKN,32,8,0.3,2.7%,1.00,8,0.3,3,0.1,7,0.2,42.9,42.9,25.0%,0.0%,25.0%,12.5%,50.0%,
Shelvin Mack,ORL,26,4,0.2,2.7%,1.00,4,0.2,2,0.1,3,0.1,66.7,66.7,0.0%,25.0%,0.0%,0.0%,50.0%,
Jodie Meeks,WAS,35,6,0.2,2.5%,1.67,10,0.3,4,0.1,5,0.1,80.0,80.0,16.7%,0.0%,16.7%,0.0%,83.3%,
Bojan Bogdanovic,IND,35,4,0.1,0.9%,1.00,4,0.1,2,0.1,4,0.1,50.0,50.0,0.0%,0.0%,0.0%,0.0%,50.0%,
Brandon Paul,SAS,30,2,0.1,1.7%,1.00,2,0.1,1,0.0,2,0.1,50.0,50.0,0.0%,0.0%,0.0%,0.0%,50.0%,
Josh Jackson,PHX,36,28,0.8,6.4%,1.25,35,1.0,16,0.4,25,0.7,64.0,64.0,7.1%,3.6%,3.6%,0.0%,64.3%,73.3
Kris Dunn,CHI,30,11,0.4,2.2%,0.82,9,0.3,4,0.1,9,0.3,44.4,44.4,9.1%,9.1%,9.1%,0.0%,45.5%,15.4
Anthony Tolliver,DET,30,5,0.2,2.5%,1.60,8,0.3,2,0.1,3,0.1,66.7,66.7,40.0%,0.0%,40.0%,0.0%,80.0%,
Henry Ellenson,DET,8,1,0.1,2.2%,0.00,0,0.0,0,0.0,1,0.1,0.0,0.0,0.0%,0.0%,0.0%,0.0%,0.0%,
Paul Zipser,CHI,31,5,0.2,2.8%,0.40,2,0.1,1,0.0,4,0.1,25.0,25.0,0.0%,20.0%,0.0%,0.0%,20.0%,
Denzel Valentine,CHI,34,4,0.1,1.2%,0.00,0,0.0,0,0.0,2,0.1,0.0,0.0,0.0%,50.0%,0.0%,0.0%,0.0%,
Serge Ibaka,TOR,30,20,0.7,5.3%,1.45,29,1.0,13,0.4,19,0.6,68.4,68.4,10.0%,0.0%,10.0%,5.0%,70.0%,92.3
Jarrett Jack,NYK,32,2,0.1,0.7%,1.00,2,0.1,1,0.0,2,0.1,50.0,50.0,0.0%,0.0%,0.0%,0.0%,50.0%,
Josh Hart,LAL,28,5,0.2,3.6%,1.20,6,0.2,3,0.1,4,0.1,75.0,75.0,0.0%,20.0%,0.0%,0.0%,60.0%,
Mike Scott,WAS,32,15,0.5,5.5%,0.80,12,0.4,6,0.2,14,0.4,42.9,42.9,0.0%,6.7%,0.0%,0.0%,40.0%,13.3
Jordan  Clarkson,LAL,33,22,0.7,4.5%,1.14,25,0.8,12,0.4,21,0.6,57.1,57.1,4.5%,4.5%,4.5%,4.5%,54.5%,53.8
Paul George,OKC,33,12,0.4,1.7%,0.58,7,0.2,3,0.1,7,0.2,42.9,42.9,8.3%,33.3%,8.3%,0.0%,33.3%,4.4
Patrick Beverly,LAC,11,4,0.4,2.6%,1.50,6,0.5,2,0.2,3,0.3,66.7,66.7,25.0%,0.0%,25.0%,0.0%,75.0%,
David Nwaba,CHI,22,12,0.5,7.3%,1.17,14,0.6,7,0.3,11,0.5,63.6,63.6,0.0%,8.3%,0.0%,0.0%,58.3%,61.5
Salah Mejri,DAL,30,21,0.7,23.9%,1.38,29,1.0,13,0.4,18,0.6,72.2,72.2,14.3%,0.0%,14.3%,0.0%,71.4%,87.9
CJ McCollum,POR,32,12,0.4,1.8%,1.00,12,0.4,5,0.2,10,0.3,50.0,50.0,16.7%,0.0%,16.7%,0.0%,58.3%,31.7
Maxi Kleber,DAL,30,17,0.6,10.8%,1.00,17,0.6,7,0.2,15,0.5,46.7,46.7,17.6%,0.0%,17.6%,5.9%,52.9%,31.7
Isaiah Taylor,ATL,27,2,0.1,1.1%,0.00,0,0.0,0,0.0,2,0.1,0.0,0.0,0.0%,0.0%,0.0%,0.0%,0.0%,
Gary Harris,DEN,32,9,0.3,1.8%,1.67,15,0.5,6,0.2,7,0.2,85.7,92.9,11.1%,11.1%,11.1%,0.0%,77.8%,
Draymond Green,GSW,29,11,0.4,3.2%,1.09,12,0.4,6,0.2,10,0.3,60.0,60.0,0.0%,9.1%,0.0%,0.0%,54.5%,47.5
Emmanuel Mudiay,DEN,30,6,0.2,1.8%,1.00,6,0.2,1,0.0,4,0.1,25.0,25.0,33.3%,0.0%,33.3%,0.0%,50.0%,
Nikola Jokic,DEN,28,41,1.5,9.4%,1.49,61,2.2,25,0.9,35,1.3,71.4,71.4,17.1%,2.4%,17.1%,4.9%,73.2%,96.2
Brandon Ingram,LAL,31,24,0.8,4.2%,0.92,22,0.7,10,0.3,23,0.7,43.5,43.5,4.2%,0.0%,4.2%,0.0%,45.8%,22.7
T.J. McConnell,PHI,28,2,0.1,0.9%,0.00,0,0.0,0,0.0,1,0.0,0.0,0.0,0.0%,50.0%,0.0%,0.0%,0.0%,
J.J. Barea,DAL,36,2,0.1,0.4%,1.00,2,0.1,1,0.0,1,0.0,100.0,100.0,0.0%,50.0%,0.0%,0.0%,50.0%,
Marvin  Williams,CHA,34,19,0.6,6.7%,0.79,15,0.4,7,0.2,16,0.5,43.8,43.8,5.3%,15.8%,5.3%,5.3%,36.8%,12.1
Mangok Mathiang,CHA,27,1,0.0,50.0%,0.00,0,0.0,0,0.0,1,0.0,0.0,0.0,0.0%,0.0%,0.0%,0.0%,0.0%,
Josh Richardson,MIA,34,7,0.2,1.6%,1.57,11,0.3,4,0.1,6,0.2,66.7,66.7,28.6%,0.0%,28.6%,14.3%,71.4%,
DeMar DeRozan,TOR,33,10,0.3,1.3%,1.20,12,0.4,4,0.1,4,0.1,100.0,100.0,20.0%,40.0%,20.0%,0.0%,60.0%,67.4
Bam Adebayo,MIA,25,25,1.0,16.2%,1.08,27,1.1,11,0.4,18,0.7,61.1,61.1,16.0%,12.0%,16.0%,0.0%,60.0%,45.1
Quincy Acy,BKN,29,7,0.2,3.6%,0.71,5,0.2,1,0.0,2,0.1,50.0,50.0,28.6%,57.1%,28.6%,14.3%,28.6%,
Andrew Harrison,MEM,29,3,0.1,1.2%,0.33,1,0.0,0,0.0,2,0.1,0.0,0.0,33.3%,0.0%,33.3%,0.0%,33.3%,
Pascal Siakam,TOR,32,19,0.6,8.2%,0.74,14,0.4,7,0.2,17,0.5,41.2,41.2,10.5%,0.0%,10.5%,0.0%,36.8%,8.8
OG Anunoby,TOR,33,5,0.2,2.5%,0.80,4,0.1,2,0.1,3,0.1,66.7,66.7,0.0%,40.0%,0.0%,0.0%,40.0%,
Daniel Theis,BOS,36,29,0.8,16.1%,1.03,30,0.8,11,0.3,20,0.6,55.0,55.0,17.2%,17.2%,17.2%,3.4%,51.7%,39.6
Thabo Sefolosha,UTA,33,14,0.4,5.6%,1.14,16,0.5,7,0.2,13,0.4,53.8,53.8,7.1%,0.0%,0.0%,0.0%,57.1%,55.0
Michael Beasley,NYK,28,24,0.9,7.3%,0.92,22,0.8,9,0.3,15,0.5,60.0,60.0,12.5%,25.0%,8.3%,0.0%,50.0%,22.7
Doug McDermott,NYK,34,13,0.4,4.9%,1.15,15,0.4,7,0.2,13,0.4,53.8,53.8,7.7%,0.0%,7.7%,7.7%,53.8%,58.3
Tony Allen,NOP,22,14,0.6,11.7%,1.00,14,0.6,4,0.2,9,0.4,44.4,44.4,42.9%,0.0%,42.9%,7.1%,57.1%,31.7
Donovan Mitchell,UTA,34,9,0.3,1.4%,1.44,13,0.4,6,0.2,8,0.2,75.0,75.0,11.1%,11.1%,11.1%,11.1%,66.7%,
Ricky Rubio,UTA,35,3,0.1,0.6%,0.67,2,0.1,1,0.0,2,0.1,50.0,50.0,0.0%,33.3%,0.0%,0.0%,33.3%,
Joffrey Lauvergne,SAS,20,17,0.9,17.2%,1.24,21,1.1,10,0.5,14,0.7,71.4,71.4,5.9%,11.8%,5.9%,0.0%,64.7%,72.0
Jon Leuer,DET,8,5,0.6,10.2%,1.20,6,0.8,1,0.1,3,0.4,33.3,33.3,40.0%,0.0%,40.0%,0.0%,60.0%,
Justin Jackson,SAC,25,5,0.2,3.2%,0.80,4,0.2,2,0.1,4,0.2,50.0,50.0,0.0%,20.0%,0.0%,0.0%,40.0%,
Wayne Ellington,MIA,34,1,0.0,0.4%,0.00,0,0.0,0,0.0,1,0.0,0.0,0.0,0.0%,0.0%,0.0%,0.0%,0.0%,
Garrett Temple,SAC,33,6,0.2,2.0%,1.00,6,0.2,3,0.1,5,0.2,60.0,60.0,0.0%,16.7%,0.0%,0.0%,50.0%,
Jarrett Allen,BKN,25,28,1.1,19.9%,1.14,32,1.3,12,0.5,23,0.9,52.2,52.2,17.9%,0.0%,17.9%,0.0%,60.7%,55.0
E'Twaun Moore,NOP,34,16,0.5,4.0%,1.25,20,0.6,10,0.3,16,0.5,62.5,62.5,6.3%,0.0%,6.3%,6.3%,62.5%,73.3
Malcom Delaney,ATL,26,2,0.1,1.1%,0.50,1,0.0,0,0.0,1,0.0,0.0,0.0,50.0%,0.0%,0.0%,0.0%,50.0%,
Dennis Schroder,ATL,31,2,0.1,0.3%,1.00,2,0.1,1,0.0,2,0.1,50.0,50.0,0.0%,0.0%,0.0%,0.0%,50.0%,
Kenneth Faried,DEN,25,38,1.5,23.5%,0.95,36,1.4,13,0.5,31,1.2,41.9,41.9,18.4%,0.0%,18.4%,0.0%,52.6%,26.4
Jahil Okafor,PHI,2,2,1.0,14.3%,2.00,4,2.0,2,1.0,2,1.0,100.0,100.0,0.0%,0.0%,0.0%,0.0%,100.0%,
Jakob Poeltl,TOR,33,38,1.2,18.4%,1.37,52,1.6,25,0.8,35,1.1,71.4,71.4,10.5%,2.6%,7.9%,5.3%,68.4%,86.3
Marreese Speights,ORL,26,6,0.2,3.0%,1.17,7,0.3,3,0.1,5,0.2,60.0,60.0,16.7%,16.7%,16.7%,16.7%,50.0%,
David West,GSW,33,19,0.6,9.4%,1.05,20,0.6,10,0.3,19,0.6,52.6,52.6,0.0%,0.0%,0.0%,0.0%,52.6%,41.8
Al Jefferson,IND,12,8,0.7,11.0%,1.25,10,0.8,4,0.3,7,0.6,57.1,57.1,25.0%,0.0%,25.0%,12.5%,62.5%,
Kelly Olynyk,MIA,34,18,0.5,5.2%,1.28,23,0.7,6,0.2,10,0.3,60.0,60.0,33.3%,11.1%,33.3%,0.0%,66.7%,77.5
James Johnson,MIA,29,8,0.3,2.4%,0.75,6,0.2,3,0.1,8,0.3,37.5,37.5,0.0%,0.0%,0.0%,0.0%,37.5%,
Derrick Favors,UTA,34,46,1.4,11.5%,1.22,56,1.6,25,0.7,37,1.1,67.6,67.6,13.0%,8.7%,10.9%,2.2%,65.2%,70.9
Yogi Ferrell,DAL,36,5,0.1,1.4%,0.40,2,0.1,1,0.0,4,0.1,25.0,25.0,0.0%,20.0%,0.0%,0.0%,20.0%,
Jordan Mickey,MIA,13,9,0.7,12.0%,1.11,10,0.8,5,0.4,9,0.7,55.6,55.6,0.0%,0.0%,0.0%,0.0%,55.6%,
Victor Oladipo,IND,33,9,0.3,1.2%,1.22,11,0.3,4,0.1,8,0.2,50.0,56.3,11.1%,0.0%,11.1%,0.0%,55.6%,
Paul Millsap,DEN,16,15,0.9,5.7%,1.27,19,1.2,5,0.3,9,0.6,55.6,61.1,40.0%,6.7%,33.3%,6.7%,66.7%,76.4
Lucas Nogueira,TOR,18,8,0.4,12.7%,1.00,8,0.4,4,0.2,7,0.4,57.1,57.1,0.0%,12.5%,0.0%,0.0%,50.0%,
Stanley Johnson,DET,30,7,0.2,2.6%,1.14,8,0.3,3,0.1,5,0.2,60.0,60.0,14.3%,14.3%,14.3%,0.0%,57.1%,
Skal Labissière,SAC,29,25,0.9,10.7%,1.32,33,1.1,14,0.5,20,0.7,70.0,70.0,16.0%,16.0%,16.0%,12.0%,60.0%,81.9
Alex Abrines,OKC,33,5,0.2,3.2%,1.20,6,0.2,2,0.1,4,0.1,50.0,50.0,20.0%,0.0%,0.0%,0.0%,60.0%,
Cristiano Felicio,CHI,23,12,0.5,13.8%,0.50,6,0.3,2,0.1,10,0.4,20.0,20.0,8.3%,8.3%,8.3%,0.0%,25.0%,1.1
Timothé Luwawu-Cabarrot,PHI,30,6,0.2,2.7%,0.83,5,0.2,1,0.0,3,0.1,33.3,33.3,33.3%,16.7%,33.3%,0.0%,50.0%,
Shabazz Napier,POR,27,3,0.1,1.4%,1.00,3,0.1,1,0.0,2,0.1,50.0,50.0,33.3%,0.0%,33.3%,0.0%,66.7%,
Blake Griffin,LAC,19,15,0.8,3.2%,1.33,20,1.1,7,0.4,10,0.5,70.0,70.0,26.7%,6.7%,20.0%,0.0%,73.3%,83.8
Tim Hardaway Jr.,NYK,21,14,0.7,3.6%,1.00,14,0.7,6,0.3,13,0.6,46.2,50.0,7.1%,0.0%,7.1%,0.0%,50.0%,31.7
Malcolm Brogdon,MIL,31,8,0.3,2.0%,0.50,4,0.1,2,0.1,6,0.2,33.3,33.3,0.0%,25.0%,0.0%,0.0%,25.0%,
Justin Anderson,PHI,10,6,0.6,10.9%,0.33,2,0.2,1,0.1,5,0.5,20.0,20.0,0.0%,16.7%,0.0%,0.0%,16.7%,
Harrison Barnes,DAL,36,20,0.6,2.9%,1.00,20,0.6,7,0.2,16,0.4,43.8,43.8,15.0%,5.0%,15.0%,0.0%,50.0%,31.7
Demetrius Jackson,HOU,3,1,0.3,8.3%,0.00,0,0.0,0,0.0,0,0.0,0.0,0.0,0.0%,100.0%,0.0%,0.0%,0.0%,
Justin Holiday,CHI,33,13,0.4,2.7%,0.31,4,0.1,1,0.0,9,0.3,11.1,11.1,7.7%,23.1%,7.7%,0.0%,15.4%,0.0
Zaza Pachulia,GSW,26,11,0.4,7.9%,0.91,10,0.4,5,0.2,10,0.4,50.0,50.0,0.0%,9.1%,0.0%,0.0%,45.5%,21.5
Andre Iguodala,GSW,30,9,0.3,4.3%,1.11,10,0.3,4,0.1,8,0.3,50.0,50.0,11.1%,0.0%,11.1%,0.0%,55.6%,
Frank Mason,SAC,27,4,0.1,1.6%,1.50,6,0.2,2,0.1,3,0.1,66.7,83.3,25.0%,0.0%,0.0%,0.0%,75.0%,
Russell Westbrook,OKC,35,29,0.8,2.9%,0.90,26,0.7,10,0.3,22,0.6,45.5,45.5,13.8%,10.3%,13.8%,0.0%,48.3%,20.3
Danilo Gallinari,LAC,11,2,0.2,1.2%,0.00,0,0.0,0,0.0,2,0.2,0.0,0.0,0.0%,0.0%,0.0%,0.0%,0.0%,
Kyle  Anderson,SAS,27,24,0.9,10.3%,1.08,26,1.0,9,0.3,20,0.7,45.0,45.0,20.8%,0.0%,16.7%,4.2%,54.2%,45.9
Dwight Howard,CHA,34,96,2.8,16.2%,1.21,116,3.4,43,1.3,67,2.0,64.2,64.2,30.2%,4.2%,26.0%,4.2%,65.6%,69.2
Jeremy Lamb,CHA,33,13,0.4,2.7%,0.62,8,0.2,4,0.1,13,0.4,30.8,30.8,0.0%,0.0%,0.0%,0.0%,30.8%,4.9
Dario Saric,PHI,32,33,1.0,7.4%,1.12,37,1.2,15,0.5,30,0.9,50.0,50.0,15.2%,0.0%,12.1%,6.1%,54.5%,51.6
Al Farouq Aminu,POR,20,13,0.7,7.0%,0.85,11,0.6,5,0.3,11,0.6,45.5,45.5,7.7%,7.7%,7.7%,0.0%,46.2%,16.8
Terrence Ross,ORL,22,3,0.1,1.4%,1.00,3,0.1,1,0.0,3,0.1,33.3,33.3,33.3%,0.0%,33.3%,33.3%,33.3%,
Terry Rozier III,BOS,38,8,0.2,2.2%,0.50,4,0.1,2,0.1,6,0.2,33.3,33.3,0.0%,25.0%,0.0%,0.0%,25.0%,
Luke Babbitt,ATL,28,2,0.1,1.2%,1.00,2,0.1,1,0.0,2,0.1,50.0,50.0,0.0%,0.0%,0.0%,0.0%,50.0%,
Johnny O'Bryant III,CHA,20,7,0.4,6.1%,0.86,6,0.3,3,0.2,7,0.4,42.9,42.9,0.0%,0.0%,0.0%,0.0%,42.9%,
Jeff Green,CLE,35,21,0.6,6.1%,0.95,20,0.6,10,0.3,21,0.6,47.6,47.6,0.0%,0.0%,0.0%,0.0%,47.6%,26.9
T.J. Leaf,IND,23,9,0.4,11.3%,1.33,12,0.5,6,0.3,9,0.4,66.7,66.7,0.0%,0.0%,0.0%,0.0%,66.7%,
Rondae Hollis-Jefferson,BKN,31,28,0.9,6.3%,1.07,30,1.0,12,0.4,24,0.8,50.0,50.0,10.7%,3.6%,10.7%,0.0%,53.6%,43.3
Avery Bradley,DET,28,13,0.5,2.7%,0.85,11,0.4,5,0.2,12,0.4,41.7,41.7,7.7%,7.7%,7.7%,7.7%,38.5%,16.8
Jrue Holiday,NOP,34,7,0.2,1.1%,1.57,11,0.3,5,0.1,7,0.2,71.4,78.6,0.0%,0.0%,0.0%,0.0%,71.4%,
Klay Thompson,GSW,35,7,0.2,1.1%,1.14,8,0.2,4,0.1,7,0.2,57.1,57.1,0.0%,0.0%,0.0%,0.0%,57.1%,
Lonzo Ball,LAL,31,17,0.5,3.8%,0.71,12,0.4,6,0.2,15,0.5,40.0,40.0,0.0%,11.8%,0.0%,0.0%,35.3%,7.7
Tristan Thompson,CLE,15,12,0.8,20.3%,1.17,14,0.9,7,0.5,12,0.8,58.3,58.3,0.0%,0.0%,0.0%,0.0%,58.3%,61.5
Evan Fournier,ORL,27,9,0.3,1.9%,0.44,4,0.1,2,0.1,9,0.3,22.2,22.2,0.0%,0.0%,0.0%,0.0%,22.2%,
Ish Smith,DET,33,7,0.2,2.1%,0.57,4,0.1,2,0.1,5,0.2,40.0,40.0,0.0%,28.6%,0.0%,0.0%,28.6%,
Andrew  Wiggins,MIN,35,24,0.7,3.6%,1.38,33,0.9,15,0.4,23,0.7,65.2,67.4,8.3%,0.0%,4.2%,4.2%,66.7%,87.3
Alex Len,PHX,31,64,2.1,22.9%,0.97,62,2.0,25,0.8,50,1.6,50.0,50.0,12.5%,10.9%,12.5%,1.6%,50.0%,28.6
Ekpe Udoh,UTA,33,14,0.4,14.4%,1.00,14,0.4,5,0.2,10,0.3,50.0,50.0,21.4%,7.1%,21.4%,0.0%,57.1%,31.7
Zach Randolph,SAC,31,42,1.4,8.7%,1.40,59,1.9,26,0.8,37,1.2,70.3,70.3,16.7%,4.8%,16.7%,9.5%,69.0%,89.0
Al Horford,BOS,35,20,0.6,4.3%,0.85,17,0.5,8,0.2,17,0.5,47.1,50.0,0.0%,15.0%,0.0%,0.0%,40.0%,18.7
Jimmy Butler,MIN,33,23,0.7,3.5%,1.17,27,0.8,11,0.3,19,0.6,57.9,57.9,17.4%,4.3%,8.7%,4.3%,60.9%,62.6
Treveon Graham,CHA,21,10,0.5,9.3%,0.70,7,0.3,3,0.1,8,0.4,37.5,37.5,10.0%,10.0%,0.0%,0.0%,40.0%,6.6
Thon Maker,MIL,32,13,0.4,8.3%,0.85,11,0.3,2,0.1,6,0.2,33.3,33.3,38.5%,15.4%,38.5%,0.0%,53.8%,16.8
John Henson,MIL,31,32,1.0,13.0%,0.81,26,0.8,12,0.4,28,0.9,42.9,42.9,12.5%,6.3%,12.5%,6.3%,40.6%,14.8
Jusuf Nurkic,POR,30,40,1.3,7.6%,0.90,36,1.2,17,0.6,35,1.2,48.6,48.6,5.0%,10.0%,5.0%,2.5%,45.0%,20.9
Mario Hezonja,ORL,28,2,0.1,1.2%,1.00,2,0.1,1,0.0,2,0.1,50.0,50.0,0.0%,0.0%,0.0%,0.0%,50.0%,
Dwight  Powell,DAL,35,20,0.6,9.3%,1.40,28,0.8,12,0.3,18,0.5,66.7,66.7,15.0%,0.0%,10.0%,5.0%,70.0%,88.5
Gian Clavell,DAL,4,1,0.3,7.7%,0.00,0,0.0,0,0.0,1,0.3,0.0,0.0,0.0%,0.0%,0.0%,0.0%,0.0%,
Corey Brewer,LAL,33,4,0.1,3.5%,0.00,0,0.0,0,0.0,4,0.1,0.0,0.0,0.0%,0.0%,0.0%,0.0%,0.0%,
Kosta Koufos,SAC,33,30,0.9,16.1%,1.03,31,0.9,15,0.5,25,0.8,60.0,60.0,13.3%,3.3%,13.3%,0.0%,53.3%,39.0
DeAndre Jordan,LAC,33,98,3.0,29.3%,1.09,107,3.2,48,1.5,86,2.6,55.8,55.8,11.2%,3.1%,11.2%,2.0%,55.1%,48.4
Jonas Valanciunas,TOR,29,45,1.6,15.0%,1.13,51,1.8,22,0.8,38,1.3,57.9,57.9,13.3%,4.4%,13.3%,2.2%,60.0%,53.0
Enes Kanter,NYK,31,85,2.7,21.9%,1.35,115,3.7,50,1.6,74,2.4,67.6,67.6,10.6%,3.5%,8.2%,1.2%,68.2%,85.2
Kyle Kuzma,LAL,32,41,1.3,7.5%,1.12,46,1.4,22,0.7,39,1.2,56.4,56.4,4.9%,2.4%,2.4%,2.4%,56.1%,52.2
Kyle O'Quinn,NYK,34,34,1.0,14.9%,1.44,49,1.4,20,0.6,27,0.8,74.1,74.1,17.6%,5.9%,17.6%,2.9%,73.5%,91.2
Larry Nance,LAL,22,33,1.5,19.0%,1.27,42,1.9,20,0.9,32,1.5,62.5,62.5,6.1%,0.0%,6.1%,3.0%,63.6%,76.9
Lauri Markkanen,CHI,31,21,0.7,4.6%,1.14,24,0.8,9,0.3,17,0.5,52.9,52.9,14.3%,4.8%,9.5%,0.0%,57.1%,55.0
Steven Adams,OKC,30,96,3.2,26.7%,1.00,96,3.2,44,1.5,81,2.7,54.3,54.3,9.4%,8.3%,7.3%,2.1%,50.0%,31.7
Andre Roberson,OKC,33,25,0.8,13.9%,1.04,26,0.8,13,0.4,25,0.8,52.0,52.0,0.0%,0.0%,0.0%,0.0%,52.0%,40.1
Jerami Grant,OKC,34,18,0.5,6.9%,1.33,24,0.7,9,0.3,15,0.4,60.0,60.0,16.7%,0.0%,16.7%,0.0%,66.7%,83.8
Lou Williams,LAC,32,11,0.3,1.7%,1.00,11,0.3,5,0.2,11,0.3,45.5,50.0,0.0%,0.0%,0.0%,0.0%,45.5%,31.7
Willie Reed,LAC,27,18,0.7,16.1%,1.50,27,1.0,12,0.4,15,0.6,80.0,80.0,11.1%,5.6%,11.1%,0.0%,77.8%,96.1
Julius Randle,LAL,33,35,1.1,8.5%,1.26,44,1.3,16,0.5,27,0.8,59.3,59.3,25.7%,2.9%,22.9%,5.7%,62.9%,74.2
Wesley Johnson,LAC,28,4,0.1,1.8%,1.50,6,0.2,3,0.1,3,0.1,100.0,100.0,0.0%,25.0%,0.0%,0.0%,75.0%,
Robin Lopez,CHI,34,60,1.8,13.0%,1.17,70,2.1,33,1.0,57,1.7,57.9,57.9,6.7%,3.3%,6.7%,5.0%,56.7%,61.5
Lance Thomas,NYK,31,15,0.5,9.3%,0.67,10,0.3,4,0.1,12,0.4,33.3,33.3,6.7%,13.3%,6.7%,0.0%,33.3%,6.0
Brook Lopez,LAL,28,29,1.0,7.6%,1.45,42,1.5,17,0.6,25,0.9,68.0,68.0,13.8%,0.0%,13.8%,0.0%,72.4%,91.8
Kristaps Porzingis,NYK,29,25,0.9,3.7%,0.64,16,0.6,8,0.3,23,0.8,34.8,34.8,4.0%,4.0%,4.0%,0.0%,32.0%,5.5
Quincy Pondexter,CHI,16,4,0.3,6.6%,1.50,6,0.4,0,0.0,0,0.0,0.0,0.0,75.0%,25.0%,75.0%,0.0%,75.0%,
Anthony Davis,NOP,29,51,1.8,8.1%,1.61,82,2.8,36,1.2,46,1.6,78.3,78.3,13.7%,0.0%,13.7%,3.9%,80.4%,98.4
Trevor Booker,PHI,8,9,1.1,15.8%,1.22,11,1.4,3,0.4,6,0.8,50.0,50.0,33.3%,0.0%,33.3%,0.0%,66.7%,
Myles Turner,IND,28,19,0.7,4.8%,1.26,24,0.9,9,0.3,14,0.5,64.3,64.3,15.8%,10.5%,15.8%,0.0%,63.2%,75.8
Willie Cauley-Stein,SAC,31,31,1.0,8.5%,1.03,32,1.0,15,0.5,27,0.9,55.6,55.6,6.5%,6.5%,6.5%,0.0%,54.8%,38.5
Ed Davis,POR,33,58,1.8,32.0%,1.16,67,2.0,30,0.9,49,1.5,61.2,61.2,12.1%,5.2%,12.1%,1.7%,60.3%,59.3
Nerlens Noel,DAL,18,15,0.8,20.3%,0.80,12,0.7,4,0.2,14,0.8,28.6,28.6,20.0%,0.0%,13.3%,13.3%,33.3%,13.3
Aaron Gordon,ORL,26,22,0.8,5.1%,1.45,32,1.2,12,0.5,15,0.6,80.0,80.0,22.7%,4.5%,27.3%,0.0%,77.3%,93.4
Jonathan Isaac,ORL,15,8,0.5,8.2%,1.25,10,0.7,5,0.3,8,0.5,62.5,62.5,0.0%,0.0%,0.0%,0.0%,62.5%,
DeMarre Carroll,BKN,31,25,0.8,6.2%,0.80,20,0.6,10,0.3,22,0.7,45.5,45.5,0.0%,12.0%,0.0%,0.0%,40.0%,13.3
Domantas Sabonis,IND,33,45,1.4,11.3%,1.13,51,1.5,20,0.6,37,1.1,54.1,54.1,15.6%,4.4%,13.3%,2.2%,57.8%,53.0
Robert Covington,PHI,31,13,0.4,2.9%,1.08,14,0.5,6,0.2,11,0.4,54.5,59.1,7.7%,7.7%,7.7%,0.0%,53.8%,44.5
Markelle Fultz,PHI,4,3,0.8,7.7%,1.33,4,1.0,2,0.5,3,0.8,66.7,66.7,0.0%,0.0%,0.0%,0.0%,66.7%,
Khris Middleton,MIL,32,9,0.3,1.4%,1.11,10,0.3,5,0.2,8,0.3,62.5,62.5,0.0%,11.1%,0.0%,0.0%,55.6%,
Dante Cunningham,NOP,33,14,0.4,7.7%,0.93,13,0.4,5,0.2,10,0.3,50.0,50.0,28.6%,7.1%,28.6%,7.1%,50.0%,24.9
John Collins,ATL,28,54,1.9,18.5%,1.20,65,2.3,31,1.1,50,1.8,62.0,62.0,3.7%,3.7%,3.7%,0.0%,61.1%,68.7
Ersan Ilyasova,ATL,23,26,1.1,11.0%,0.85,22,1.0,5,0.2,19,0.8,26.3,26.3,26.9%,0.0%,23.1%,0.0%,46.2%,16.8
Damian Lillard,POR,31,14,0.5,1.8%,0.57,8,0.3,3,0.1,10,0.3,30.0,30.0,7.1%,21.4%,7.1%,0.0%,28.6%,3.8
Andre Drummond,DET,33,134,4.1,26.5%,1.19,160,4.8,67,2.0,112,3.4,59.8,59.8,19.4%,3.0%,18.7%,6.0%,61.2%,64.8
LaMarcus Aldridge,SAS,34,75,2.2,10.6%,1.44,108,3.2,45,1.3,62,1.8,72.6,72.6,14.7%,6.7%,14.7%,4.0%,70.7%,90.7
DAngelo Russell,BKN,12,3,0.3,1.1%,1.00,3,0.3,1,0.1,3,0.3,33.3,50.0,0.0%,0.0%,0.0%,0.0%,33.3%,
Nene Hilario,HOU,24,9,0.4,5.6%,1.44,13,0.5,3,0.1,5,0.2,60.0,60.0,66.7%,11.1%,66.7%,33.3%,66.7%,
Jonathon Simmons,ORL,35,19,0.5,3.4%,1.00,19,0.5,8,0.2,16,0.5,50.0,50.0,10.5%,5.3%,5.3%,0.0%,52.6%,31.7
Justise Winslow,MIA,27,17,0.6,8.1%,1.06,18,0.7,8,0.3,14,0.5,57.1,57.1,17.6%,0.0%,17.6%,0.0%,58.8%,42.3
Bismack Biyombo,ORL,35,31,0.9,18.0%,0.94,29,0.8,11,0.3,19,0.5,57.9,57.9,25.8%,12.9%,22.6%,0.0%,54.8%,25.8
Darren Collison,IND,34,6,0.2,1.5%,0.67,4,0.1,2,0.1,4,0.1,50.0,50.0,0.0%,33.3%,0.0%,0.0%,33.3%,
Timofey Mozgov,BKN,23,17,0.7,14.8%,1.12,19,0.8,8,0.3,13,0.6,61.5,61.5,17.6%,5.9%,17.6%,0.0%,58.8%,50.8
Kemba Walker,CHA,32,8,0.3,1.2%,0.75,6,0.2,3,0.1,7,0.2,42.9,42.9,0.0%,12.5%,0.0%,0.0%,37.5%,
Joel Embiid,PHI,25,42,1.7,6.9%,1.26,53,2.1,20,0.8,34,1.4,58.8,58.8,21.4%,2.4%,19.0%,4.8%,64.3%,75.3
Ian Mahinmi,WAS,33,33,1.0,22.0%,1.21,40,1.2,17,0.5,29,0.9,58.6,58.6,15.2%,0.0%,18.2%,6.1%,60.6%,69.8
Giannis Antetokounmpo,MIL,30,49,1.6,6.1%,1.47,72,2.4,32,1.1,41,1.4,78.0,78.0,16.3%,4.1%,16.3%,4.1%,75.5%,94.5
Greg Monroe,MIL,5,4,0.8,9.8%,0.50,2,0.4,0,0.0,2,0.4,0.0,0.0,25.0%,25.0%,25.0%,0.0%,25.0%,
DeMarcus Cousins,NOP,34,52,1.5,5.7%,1.54,80,2.4,34,1.0,42,1.2,81.0,81.0,15.4%,7.7%,17.3%,5.8%,75.0%,97.3
James Ennis,MEM,33,18,0.5,8.6%,1.22,22,0.7,10,0.3,14,0.4,71.4,71.4,5.6%,16.7%,5.6%,0.0%,61.1%,71.4
Dillon Brooks,MEM,35,9,0.3,3.0%,0.89,8,0.2,4,0.1,8,0.2,50.0,50.0,0.0%,11.1%,0.0%,0.0%,44.4%,
Chandler Parsons,MEM,26,6,0.2,2.8%,1.33,8,0.3,4,0.2,5,0.2,80.0,80.0,0.0%,16.7%,0.0%,0.0%,66.7%,
Dennis Smith Jr.,DAL,28,9,0.3,1.9%,0.89,8,0.3,4,0.1,8,0.3,50.0,50.0,11.1%,0.0%,11.1%,0.0%,44.4%,
Dirk Nowitzki,DAL,36,11,0.3,2.7%,1.73,19,0.5,8,0.2,11,0.3,72.7,72.7,27.3%,0.0%,27.3%,27.3%,72.7%,100.0
Dewayne Dedmon,ATL,20,23,1.2,11.6%,1.35,31,1.6,12,0.6,16,0.8,75.0,75.0,21.7%,13.0%,21.7%,4.3%,65.2%,84.6
Taurean Prince,ATL,34,16,0.5,3.4%,1.00,16,0.5,7,0.2,14,0.4,50.0,50.0,6.3%,6.3%,0.0%,0.0%,50.0%,31.7
DeAndre Bembry,ATL,18,4,0.2,3.0%,0.50,2,0.1,1,0.1,3,0.2,33.3,33.3,0.0%,25.0%,0.0%,0.0%,25.0%,
Mike Muscala,ATL,9,9,1.0,13.8%,1.33,12,1.3,6,0.7,9,1.0,66.7,66.7,0.0%,0.0%,0.0%,0.0%,66.7%,
Mason Plumlee,DEN,35,39,1.1,14.1%,0.77,30,0.9,13,0.4,26,0.7,50.0,50.0,20.5%,15.4%,12.8%,2.6%,41.0%,9.9
De Aaron Fox,SAC,29,5,0.2,1.4%,2.00,10,0.3,5,0.2,5,0.2,100.0,100.0,0.0%,0.0%,0.0%,0.0%,100.0%,
Shabazz Muhammad,MIN,22,12,0.5,11.7%,1.08,13,0.6,5,0.2,9,0.4,55.6,55.6,25.0%,0.0%,25.0%,0.0%,58.3%,45.9
Rudy Gay,SAS,33,22,0.7,5.6%,1.32,29,0.9,12,0.4,18,0.5,66.7,66.7,13.6%,4.5%,13.6%,0.0%,68.2%,81.3
Eric Bledsoe,PHX,3,2,0.7,3.6%,1.00,2,0.7,1,0.3,2,0.7,50.0,50.0,0.0%,0.0%,0.0%,0.0%,50.0%,
Devin Booker,PHX,26,7,0.3,1.1%,1.71,12,0.5,6,0.2,7,0.3,85.7,85.7,0.0%,0.0%,0.0%,0.0%,85.7%,
Ben Simmons,PHI,32,32,1.0,5.0%,1.25,40,1.3,19,0.6,29,0.9,65.5,65.5,6.3%,6.3%,6.3%,3.1%,62.5%,73.3
John Wall,WAS,24,6,0.3,1.2%,1.17,7,0.3,3,0.1,5,0.2,60.0,70.0,0.0%,16.7%,0.0%,0.0%,50.0%,
Marcin Gortat,WAS,35,32,0.9,9.9%,1.16,37,1.1,16,0.5,27,0.8,59.3,59.3,12.5%,3.1%,12.5%,0.0%,62.5%,59.9
Kelly Oubre Jr.,WAS,35,18,0.5,4.4%,1.17,21,0.6,9,0.3,17,0.5,52.9,52.9,11.1%,0.0%,11.1%,5.6%,55.6%,61.5
Marc Gasol,MEM,35,20,0.6,2.8%,1.20,24,0.7,9,0.3,16,0.5,56.3,59.4,20.0%,5.0%,15.0%,5.0%,55.0%,67.4
Brandan Wright,MEM,19,14,0.7,15.4%,1.07,15,0.8,6,0.3,12,0.6,50.0,50.0,14.3%,0.0%,14.3%,0.0%,57.1%,43.3
Rudy Gobert,UTA,18,35,1.9,17.5%,1.11,39,2.2,16,0.9,29,1.6,55.2,55.2,17.1%,2.9%,14.3%,2.9%,60.0%,50.0
Dejounte Murray,SAS,35,23,0.7,7.7%,0.87,20,0.6,10,0.3,23,0.7,43.5,43.5,0.0%,0.0%,0.0%,0.0%,43.5%,19.2
TJ Warren,PHX,36,59,1.6,8.4%,1.15,68,1.9,29,0.8,52,1.4,55.8,55.8,11.9%,3.4%,10.2%,3.4%,55.9%,57.1
Maurice  Harkless,POR,27,16,0.6,9.2%,1.31,21,0.8,10,0.4,14,0.5,71.4,71.4,12.5%,12.5%,12.5%,12.5%,62.5%,80.8
Thaddeus Young,IND,35,39,1.1,8.9%,1.31,51,1.5,25,0.7,38,1.1,65.8,65.8,2.6%,0.0%,2.6%,0.0%,66.7%,80.2
Gorgui Dieng,MIN,32,20,0.6,9.4%,1.20,24,0.8,10,0.3,17,0.5,58.8,58.8,10.0%,5.0%,10.0%,0.0%,60.0%,67.4
Hassan Whiteside,MIA,16,38,2.4,17.9%,1.42,54,3.4,25,1.6,34,2.1,73.5,73.5,13.2%,5.3%,13.2%,7.9%,71.1%,89.6
Mario Chalmers,MEM,32,2,0.1,0.7%,2.00,4,0.1,1,0.0,1,0.0,100.0,150.0,50.0%,0.0%,0.0%,0.0%,100.0%,
Evan Turner,POR,33,9,0.3,2.8%,1.00,9,0.3,3,0.1,6,0.2,50.0,50.0,22.2%,11.1%,22.2%,0.0%,55.6%,
Bradley Beal,WAS,35,17,0.5,2.1%,0.88,15,0.4,6,0.2,14,0.4,42.9,42.9,11.8%,5.9%,11.8%,0.0%,47.1%,19.8
Nikola Vucevic,ORL,34,45,1.3,7.6%,1.36,61,1.8,29,0.9,41,1.2,70.7,70.7,4.4%,4.4%,4.4%,0.0%,68.9%,85.7
Cory Joseph,IND,35,2,0.1,0.7%,1.00,2,0.1,0,0.0,1,0.0,0.0,0.0,50.0%,0.0%,50.0%,0.0%,50.0%,
Spencer Dinwiddie,BKN,33,11,0.3,2.6%,1.09,12,0.4,5,0.2,10,0.3,50.0,50.0,9.1%,0.0%,9.1%,0.0%,54.5%,47.5
Cody Zeller,CHA,19,26,1.4,18.7%,0.92,24,1.3,10,0.5,22,1.2,45.5,45.5,11.5%,3.8%,11.5%,0.0%,50.0%,23.8
Tobias Harris,DET,33,14,0.4,2.6%,0.79,11,0.3,5,0.2,13,0.4,38.5,42.3,0.0%,7.1%,0.0%,0.0%,35.7%,11.0
Amir Johnson,PHI,31,30,1.0,18.2%,0.97,29,0.9,13,0.4,24,0.8,54.2,54.2,10.0%,10.0%,10.0%,0.0%,50.0%,28.0
Otto Porter Jr.,WAS,32,20,0.6,4.9%,1.30,26,0.8,12,0.4,18,0.6,66.7,66.7,5.0%,5.0%,5.0%,0.0%,65.0%,79.1
Tyreke Evans,MEM,34,17,0.5,2.7%,0.47,8,0.2,2,0.1,13,0.4,15.4,15.4,11.8%,11.8%,11.8%,0.0%,23.5%,0.5
Kent  Bazemore,ATL,34,10,0.3,2.1%,0.70,7,0.2,3,0.1,10,0.3,30.0,35.0,0.0%,0.0%,0.0%,0.0%,30.0%,6.6
Wesley Matthews,DAL,36,3,0.1,0.7%,0.67,2,0.1,1,0.0,2,0.1,50.0,50.0,0.0%,33.3%,0.0%,0.0%,33.3%,
Dorian Finney-Smith,DAL,8,3,0.4,10.0%,0.67,2,0.3,1,0.1,2,0.3,50.0,50.0,0.0%,33.3%,0.0%,0.0%,33.3%,
Wilson Chandler,DEN,31,21,0.7,6.2%,0.76,16,0.5,5,0.2,13,0.4,38.5,38.5,19.0%,23.8%,19.0%,4.8%,38.1%,9.3
Jamal Murray,DEN,35,19,0.5,3.5%,1.47,28,0.8,11,0.3,15,0.4,73.3,76.7,10.5%,10.5%,5.3%,0.0%,68.4%,95.6
Will Barton,DEN,34,20,0.6,3.9%,1.05,21,0.6,8,0.2,13,0.4,61.5,61.5,15.0%,20.0%,15.0%,0.0%,55.0%,40.9
Joe Johnson,UTA,15,2,0.1,1.6%,1.00,2,0.1,1,0.1,2,0.1,50.0,50.0,0.0%,0.0%,0.0%,0.0%,50.0%,
James Harden,HOU,32,7,0.2,0.7%,0.86,6,0.2,3,0.1,7,0.2,42.9,42.9,0.0%,0.0%,0.0%,0.0%,42.9%,
Eric Gordon,HOU,30,8,0.3,1.4%,0.63,5,0.2,1,0.0,6,0.2,16.7,16.7,25.0%,0.0%,12.5%,0.0%,37.5%,
Buddy Hield,SAC,32,14,0.4,3.5%,0.79,11,0.3,5,0.2,12,0.4,41.7,41.7,7.1%,7.1%,7.1%,0.0%,42.9%,11.0
Taj Gibson,MIN,35,60,1.7,15.6%,1.20,72,2.1,32,0.9,49,1.4,65.3,65.3,10.0%,8.3%,8.3%,0.0%,60.0%,67.4
Karl-Anthony Towns,MIN,35,72,2.1,11.1%,1.19,86,2.5,35,1.0,60,1.7,58.3,58.3,16.7%,2.8%,12.5%,2.8%,61.1%,65.4
Nemanja Bjelica,MIN,20,8,0.4,7.6%,1.13,9,0.5,4,0.2,7,0.4,57.1,57.1,12.5%,0.0%,12.5%,0.0%,62.5%,
Pau Gasol,SAS,33,27,0.8,7.6%,1.33,36,1.1,14,0.4,21,0.6,66.7,66.7,18.5%,3.7%,11.1%,0.0%,70.4%,83.8
Caleb Swanigan,POR,12,9,0.8,16.7%,0.78,7,0.6,3,0.3,9,0.8,33.3,33.3,11.1%,0.0%,11.1%,11.1%,33.3%,
Marquese Chriss,PHX,36,20,0.6,7.4%,1.05,21,0.6,9,0.3,17,0.5,52.9,52.9,15.0%,5.0%,15.0%,5.0%,55.0%,40.9
Dragan Bender,PHX,36,8,0.2,3.6%,1.00,8,0.2,4,0.1,8,0.2,50.0,50.0,0.0%,0.0%,0.0%,0.0%,50.0%,
Tyson Chandler,PHX,26,47,1.8,29.0%,1.15,54,2.1,23,0.9,39,1.5,59.0,59.0,10.6%,6.4%,8.5%,0.0%,59.6%,56.0
Goran Dragic,MIA,31,13,0.4,2.4%,0.54,7,0.2,2,0.1,9,0.3,22.2,22.2,15.4%,15.4%,15.4%,0.0%,30.8%,2.2
Marcus Smart,BOS,36,16,0.4,3.4%,0.56,9,0.3,1,0.0,10,0.3,10.0,10.0,31.3%,6.3%,25.0%,0.0%,31.3%,3.3
Jarell Martin,MEM,33,23,0.7,11.7%,1.09,25,0.8,9,0.3,19,0.6,47.4,47.4,17.4%,0.0%,17.4%,0.0%,56.5%,46.7
Kevin Love,CLE,34,58,1.7,9.5%,1.10,64,1.9,24,0.7,49,1.4,49.0,50.0,15.5%,3.4%,12.1%,3.4%,53.4%,48.9
Iman Shumpert,CLE,13,1,0.1,1.3%,2.00,2,0.2,1,0.1,1,0.1,100.0,100.0,0.0%,0.0%,0.0%,0.0%,100.0%,
LeBron James,CLE,35,27,0.8,3.0%,1.26,34,1.0,15,0.4,22,0.6,68.2,70.5,7.4%,11.1%,7.4%,0.0%,63.0%,74.7
Jae Crowder,CLE,35,17,0.5,5.4%,1.71,29,0.8,10,0.3,15,0.4,66.7,76.7,23.5%,0.0%,23.5%,11.8%,70.6%,98.9
Luc Mbah a Moute,HOU,24,7,0.3,4.0%,1.43,10,0.4,4,0.2,6,0.3,66.7,66.7,14.3%,0.0%,0.0%,0.0%,71.4%,
PJ Tucker,HOU,32,16,0.5,7.7%,1.19,19,0.6,8,0.3,12,0.4,66.7,70.8,12.5%,12.5%,12.5%,0.0%,62.5%,64.3
Clint Capela,HOU,29,43,1.5,12.5%,1.28,55,1.9,25,0.9,35,1.2,71.4,71.4,11.6%,9.3%,9.3%,2.3%,65.1%,78.0
Nick Young,GSW,33,2,0.1,1.0%,2.00,4,0.1,2,0.1,2,0.1,100.0,100.0,0.0%,0.0%,0.0%,0.0%,100.0%,
Kevin Durant,GSW,30,13,0.4,1.8%,1.15,15,0.5,7,0.2,11,0.4,63.6,63.6,7.7%,15.4%,7.7%,7.7%,53.8%,58.3
Ryan Anderson,HOU,31,28,0.9,9.3%,1.07,30,1.0,13,0.4,22,0.7,59.1,59.1,10.7%,10.7%,10.7%,0.0%,53.6%,43.3
Jaylen Brown,BOS,34,24,0.7,4.9%,0.79,19,0.6,6,0.2,18,0.5,33.3,33.3,20.8%,4.2%,20.8%,0.0%,41.7%,12.6
Derrick Rose,CLE,7,4,0.6,3.6%,1.00,4,0.6,2,0.3,2,0.3,100.0,100.0,0.0%,50.0%,0.0%,0.0%,50.0%,
Kyrie Irving,BOS,36,9,0.3,1.1%,1.33,12,0.3,6,0.2,9,0.3,66.7,66.7,0.0%,0.0%,0.0%,0.0%,66.7%,
Dwyane Wade,CLE,32,11,0.3,2.7%,0.91,10,0.3,5,0.2,9,0.3,55.6,55.6,0.0%,18.2%,0.0%,0.0%,45.5%,21.5
Aron Baynes,BOS,38,42,1.1,16.3%,0.93,39,1.0,18,0.5,38,1.0,47.4,47.4,9.5%,2.4%,7.1%,2.4%,47.6%,24.9
Trevor Ariza,HOU,30,9,0.3,2.7%,1.11,10,0.3,4,0.1,7,0.2,57.1,57.1,11.1%,11.1%,0.0%,0.0%,55.6%,
Jayson Tatum,BOS,38,13,0.3,2.8%,0.92,12,0.3,4,0.1,8,0.2,50.0,50.0,23.1%,23.1%,23.1%,7.7%,46.2%,23.8
